survive desert island,
hobbies,
thomas wolfe look homward angel,
learn fishing,
berlin,
berlin ,
building a house,
philosophy germany,
surviving desert island,
"creator:""isabel allende""",
sign language,
highly recommended,
survival island,
survival,
python,
holy bible,
robinson cruseo,
tolkien,
rats dna,
surviving desert island,
computer gaming,
kafka,
"creator:""leo tolstoy""",
skandinavia,
berlin,
don juan tenorio,
"""manga""",
outdoor,
mcbeth shakespeare,
london,
london,
scotlandtravel,
how to build a boat,
"""zwangsarbeit""",
oboe,
a song of ice and fire,
london,
emily shore journal,
surviving desert island,
building,
desert island popular,
germany,
fantasy fink,
indian,
moomins,
berlin,
sas survival guide,
"publisher:""desert pubns""",
space,
romanticismo literature science,
